{
  "equity": 0.46202485072744093,
  "time_s": 14.456291900016367
}