{
  "equity": 0.3920788607340454,
  "time_s": 19.7413129999768
}