{
  "equity": 0.04251207729468599,
  "time_s": 0.020913199987262487
}